Codigo linea;Descripcion linea;Codigo parada;Parada;Tiempo espera
01;ARANGOITI -BIRIBILA;1306;Ugarteko / Ibarrekolanda;14
01;ARANGOITI -BIRIBILA;1401;Araneko (22);0
01;ARANGOITI -BIRIBILA;1409;Buenavista;9
01;ARANGOITI -BIRIBILA;1411;Ibarrekolanda 19;56
01;ARANGOITI -BIRIBILA;1413;L. Aguirre / Hizkuntza Eskola;18
01;ARANGOITI -BIRIBILA;1414;L. Aguirre / (Bidarte);17
01;ARANGOITI -BIRIBILA;1415;L. Aguirre 42 / Bidarte;54
01;ARANGOITI -BIRIBILA;1423;San Pedro / Eliza;52
01;ARANGOITI -BIRIBILA;1424;San Pío X / F.Maciá;22
01;ARANGOITI -BIRIBILA;1425;San Pío X / H.Aguirre;50
01;ARANGOITI -BIRIBILA;1601;Araneko 17;1
01;ARANGOITI -BIRIBILA;1603;Egileor 4;1
01;ARANGOITI -BIRIBILA;1604;Ganeta Mendia (7);24
01;ARANGOITI -BIRIBILA;1605;Miramarbidea / Eskola;11
01;ARANGOITI -BIRIBILA;1701;Aranekobidea / Cementerio;0
01;ARANGOITI -BIRIBILA;1702;Miramarbidea (47);12
01;ARANGOITI -BIRIBILA;1703;Miramarbidea / Aranekobidea;13
01;ARANGOITI -BIRIBILA;6107;Deustuko Zubia / Zubiarte;23
01;ARANGOITI -BIRIBILA;6109;Elcano 2;24
01;ARANGOITI -BIRIBILA;6110;Elcano 3;45
01;ARANGOITI -BIRIBILA;6113;Gran Vía 7;29
01;ARANGOITI -BIRIBILA;6114;Gran Vía 36;42
01;ARANGOITI -BIRIBILA;6115;Gran Vía 37;27
01;ARANGOITI -BIRIBILA;6117;Gran Vía 8;0
01;ARANGOITI -BIRIBILA;6125;Museo 1 / Henao;47
01;ARANGOITI -BIRIBILA;6126;Plaza Biribila / Gran Vía;0
01;ARANGOITI -BIRIBILA;6204;Deustuko Zubia;48
01;ARANGOITI -BIRIBILA;6219;Moyúa 4;26
03;PLAZA BIRIBILA - OTXARKOAGA;2202;Kristo 1;9
03;PLAZA BIRIBILA - OTXARKOAGA;2415;Zumalacárregui / T.Zubiria;8
03;PLAZA BIRIBILA - OTXARKOAGA;2509;Zumalacárregui 121;4
03;PLAZA BIRIBILA - OTXARKOAGA;3101;Arbolantxa 18;0
03;PLAZA BIRIBILA - OTXARKOAGA;3106;Larratundu 21;1
03;PLAZA BIRIBILA - OTXARKOAGA;3108;Pau Casals / Jesús Galíndez;4
03;PLAZA BIRIBILA - OTXARKOAGA;3115;Zizeruena / Eliza;0
03;PLAZA BIRIBILA - OTXARKOAGA;3116;Zizeruena 22;1
03;PLAZA BIRIBILA - OTXARKOAGA;3117;Larratundu 1;1
03;PLAZA BIRIBILA - OTXARKOAGA;3204;Dr. Ornilla / Pau Casals;19
03;PLAZA BIRIBILA - OTXARKOAGA;3210;Jesús Galíndez / Adoratrices;4
03;PLAZA BIRIBILA - OTXARKOAGA;3211;Jesús Galíndez / Txomin Garat;16
03;PLAZA BIRIBILA - OTXARKOAGA;3212;Jesús Galíndez 24 / Gabriel Aresti;17
03;PLAZA BIRIBILA - OTXARKOAGA;3214;Jesús Galíndez 3 / Colegio Alemán;0
03;PLAZA BIRIBILA - OTXARKOAGA;3230;Zumalacárregui / (Makua);2
03;PLAZA BIRIBILA - OTXARKOAGA;4104;Begoñako Basilika;14
03;PLAZA BIRIBILA - OTXARKOAGA;4109;Zumalacárregui 38;13
03;PLAZA BIRIBILA - OTXARKOAGA;5103;Ernesto Erkoreka 8;7
03;PLAZA BIRIBILA - OTXARKOAGA;5105;Puente del Arenal;1
03;PLAZA BIRIBILA - OTXARKOAGA;5108;Sendeja (5);0
03;PLAZA BIRIBILA - OTXARKOAGA;5111;Zumalacárregui / (T.Zubiria);10
03;PLAZA BIRIBILA - OTXARKOAGA;6127;Plaza Biribila / Navarra;7
10;ELORRIETA - PLAZA BIRIBILA;1101;L. Aguirre 149;9
10;ELORRIETA - PLAZA BIRIBILA;1102;L. Aguirre 154;0
10;ELORRIETA - PLAZA BIRIBILA;1103;L. Aguirre 161;9
10;ELORRIETA - PLAZA BIRIBILA;1104;L. Aguirre 172 / Levante pl.;1
10;ELORRIETA - PLAZA BIRIBILA;1105;L. Aguirre 179;7
10;ELORRIETA - PLAZA BIRIBILA;1201;I. Ellacuria / Elorrieta;5
10;ELORRIETA - PLAZA BIRIBILA;1301;L. Aguirre (89) / Sarriko;8
10;ELORRIETA - PLAZA BIRIBILA;1302;L. Aguirre / Ugarteko;7
10;ELORRIETA - PLAZA BIRIBILA;1303;L. Aguirre 135 / (Residencia);10
10;ELORRIETA - PLAZA BIRIBILA;1304;L. Aguirre 140 / Residencia;0
10;ELORRIETA - PLAZA BIRIBILA;1305;L. Aguirre 81;11
10;ELORRIETA - PLAZA BIRIBILA;1412;L. Aguirre / (Ugarteko);13
10;ELORRIETA - PLAZA BIRIBILA;1413;L. Aguirre / Hizkuntza Eskola;0
10;ELORRIETA - PLAZA BIRIBILA;1414;L. Aguirre / (Bidarte);14
10;ELORRIETA - PLAZA BIRIBILA;1415;L. Aguirre 42 / Bidarte;4
10;ELORRIETA - PLAZA BIRIBILA;1423;San Pedro / Eliza;2
10;ELORRIETA - PLAZA BIRIBILA;1424;San Pío X / F.Maciá;2
10;ELORRIETA - PLAZA BIRIBILA;1425;San Pío X / H.Aguirre;0
10;ELORRIETA - PLAZA BIRIBILA;6107;Deustuko Zubia / Zubiarte;3
10;ELORRIETA - PLAZA BIRIBILA;6109;Elcano 2;5
10;ELORRIETA - PLAZA BIRIBILA;6110;Elcano 3;8
10;ELORRIETA - PLAZA BIRIBILA;6113;Gran Vía 7;11
10;ELORRIETA - PLAZA BIRIBILA;6114;Gran Vía 36;7
10;ELORRIETA - PLAZA BIRIBILA;6115;Gran Vía 37;7
10;ELORRIETA - PLAZA BIRIBILA;6117;Gran Vía 8;0
10;ELORRIETA - PLAZA BIRIBILA;6125;Museo 1 / Henao;11
10;ELORRIETA - PLAZA BIRIBILA;6126;Plaza Biribila / Gran Vía;0
10;ELORRIETA - PLAZA BIRIBILA;6204;Deustuko Zubia;12
10;ELORRIETA - PLAZA BIRIBILA;6219;Moyúa 4;6
11;DEUSTU - ATXURI;1402;Blas de Otero (23) / Anbulatorioa;12
11;DEUSTU - ATXURI;1403;Blas de Otero (57);13
11;DEUSTU - ATXURI;1404;Botika Zaharra / (H.de la Torre);3
11;DEUSTU - ATXURI;1405;Botika Zaharra / Deustuko Zubia;0
11;DEUSTU - ATXURI;1407;Botika Zaharra / H.de la Torre;10
11;DEUSTU - ATXURI;1408;Botika Zaharra 1;9
11;DEUSTU - ATXURI;1414;L. Aguirre / (Bidarte);27
11;DEUSTU - ATXURI;1416;Luis Power (18) / Anbulatorioa;0
11;DEUSTU - ATXURI;1417;Luis Power (4) / Kiroldegia;2
11;DEUSTU - ATXURI;1418;Madariaga / (Basabe);15
11;DEUSTU - ATXURI;1419;Madariaga / (La Salle);15
11;DEUSTU - ATXURI;1420;Madariaga / Basabe;24
11;DEUSTU - ATXURI;1421;Madariaga / La Salle;24
11;DEUSTU - ATXURI;1426;Unibertsitate (24);6
11;DEUSTU - ATXURI;1427;Unibertsitate 24;7
11;DEUSTU - ATXURI;1428;Sagrada Familia / (Salesianos);26
11;DEUSTU - ATXURI;2101;Campo Volantín (21);11
11;DEUSTU - ATXURI;2102;Campo Volantín (4);11
11;DEUSTU - ATXURI;2103;Campo Volantín / La Salve;6
11;DEUSTU - ATXURI;2105;Campo Volantín 23;4
11;DEUSTU - ATXURI;2108;Ernesto Erkoreka / Udaletxea;2
11;DEUSTU - ATXURI;2109;La Salve / Igogailua;8
11;DEUSTU - ATXURI;5101;Arenal / (San Nicolás);14
11;DEUSTU - ATXURI;5106;Ribera / Merkatua;25
11;DEUSTU - ATXURI;5108;Sendeja (5);12
11;DEUSTU - ATXURI;5110;Viuda de Epalza 1 / San Nicolás;0
11;DEUSTU - ATXURI;5405;Dieciséis de Agosto;24
11;DEUSTU - ATXURI;5601;Olano (4);19
11;DEUSTU - ATXURI;5701;Cortes (2);18
11;DEUSTU - ATXURI;5704;Muelle de la Merced 3;17
13;SAN IGNAZIO - TXURDINAGA;1101;L. Aguirre 149;17
13;SAN IGNAZIO - TXURDINAGA;1102;L. Aguirre 154;10
13;SAN IGNAZIO - TXURDINAGA;1103;L. Aguirre 161;16
13;SAN IGNAZIO - TXURDINAGA;1104;L. Aguirre 172 / Levante pl.;12
13;SAN IGNAZIO - TXURDINAGA;1105;L. Aguirre 179;15
13;SAN IGNAZIO - TXURDINAGA;1301;L. Aguirre (89) / Sarriko;8
13;SAN IGNAZIO - TXURDINAGA;1302;L. Aguirre / Ugarteko;8
13;SAN IGNAZIO - TXURDINAGA;1303;L. Aguirre 135 / (Residencia);18
13;SAN IGNAZIO - TXURDINAGA;1304;L. Aguirre 140 / Residencia;9
13;SAN IGNAZIO - TXURDINAGA;1305;L. Aguirre 81;0
13;SAN IGNAZIO - TXURDINAGA;1412;L. Aguirre / (Ugarteko);0
13;SAN IGNAZIO - TXURDINAGA;1413;L. Aguirre / Hizkuntza Eskola;4
13;SAN IGNAZIO - TXURDINAGA;1414;L. Aguirre / (Bidarte);2
13;SAN IGNAZIO - TXURDINAGA;1415;L. Aguirre 42 / Bidarte;5
13;SAN IGNAZIO - TXURDINAGA;1423;San Pedro / Eliza;3
13;SAN IGNAZIO - TXURDINAGA;1424;San Pío X / F.Maciá;5
13;SAN IGNAZIO - TXURDINAGA;1425;San Pío X / H.Aguirre;2
13;SAN IGNAZIO - TXURDINAGA;2301;Maurice Ravel / C.Jardín;9
13;SAN IGNAZIO - TXURDINAGA;2403;Maurice Ravel / (Mirador);0
13;SAN IGNAZIO - TXURDINAGA;2404;Maurice Ravel / Mirador;9
13;SAN IGNAZIO - TXURDINAGA;2405;Maurice Ravel 20 / Telefónica;8
13;SAN IGNAZIO - TXURDINAGA;2406;Maurice Ravel 7 / (Telefónica);1
13;SAN IGNAZIO - TXURDINAGA;2407;Músico Guridi;0
13;SAN IGNAZIO - TXURDINAGA;2503;Artzain Onaren 4;6
13;SAN IGNAZIO - TXURDINAGA;2504;San Isidro;2
13;SAN IGNAZIO - TXURDINAGA;2508;Zumalacárregui 105;5
13;SAN IGNAZIO - TXURDINAGA;3201;Artalandio 1 / Dr.Ornilla;17
13;SAN IGNAZIO - TXURDINAGA;3217;Julián Gaiarre 10;13
13;SAN IGNAZIO - TXURDINAGA;3220;Julián Gaiarre 36;14
13;SAN IGNAZIO - TXURDINAGA;3223;Julián Gaiarre 82;15
13;SAN IGNAZIO - TXURDINAGA;3228;Txomin Garat 9 / Anbulatorioa;0
13;SAN IGNAZIO - TXURDINAGA;3229;Zabalbide (61);1
13;SAN IGNAZIO - TXURDINAGA;4105;Makua;4
13;SAN IGNAZIO - TXURDINAGA;4109;Zumalacárregui 38;2
13;SAN IGNAZIO - TXURDINAGA;4202;Circo Amateur / Kiroldegia;7
13;SAN IGNAZIO - TXURDINAGA;4207;Iturriaga / Basarrate;9
13;SAN IGNAZIO - TXURDINAGA;4214;Zumalacárregui 56;5
13;SAN IGNAZIO - TXURDINAGA;4302;Circo Amateur (Kiroldegia);12
13;SAN IGNAZIO - TXURDINAGA;4303;Circo Amateur / Bolueta;12
13;SAN IGNAZIO - TXURDINAGA;4304;Cocherito de Bilbao 14;10
13;SAN IGNAZIO - TXURDINAGA;6101;Alda Recalde 11;11
13;SAN IGNAZIO - TXURDINAGA;6102;Alda Recalde 12;0
13;SAN IGNAZIO - TXURDINAGA;6103;Alda Recalde 31;10
13;SAN IGNAZIO - TXURDINAGA;6107;Deustuko Zubia / Zubiarte;6
13;SAN IGNAZIO - TXURDINAGA;6109;Elcano 2;8
13;SAN IGNAZIO - TXURDINAGA;6110;Elcano 3;3
13;SAN IGNAZIO - TXURDINAGA;6125;Museo 1 / Henao;4
13;SAN IGNAZIO - TXURDINAGA;6204;Deustuko Zubia;0
13;SAN IGNAZIO - TXURDINAGA;6219;Moyúa 4;9
18;SAN IGNAZIO - ZORROTZA;1101;L. Aguirre 149;11
18;SAN IGNAZIO - ZORROTZA;1101;L. Aguirre 149;11
18;SAN IGNAZIO - ZORROTZA;1102;L. Aguirre 154;0
18;SAN IGNAZIO - ZORROTZA;1102;L. Aguirre 154;0
18;SAN IGNAZIO - ZORROTZA;1103;L. Aguirre 161;10
18;SAN IGNAZIO - ZORROTZA;1103;L. Aguirre 161;10
18;SAN IGNAZIO - ZORROTZA;1104;L. Aguirre 172 / Levante pl.;1
18;SAN IGNAZIO - ZORROTZA;1104;L. Aguirre 172 / Levante pl.;1
18;SAN IGNAZIO - ZORROTZA;1105;L. Aguirre 179;9
18;SAN IGNAZIO - ZORROTZA;1105;L. Aguirre 179;9
18;SAN IGNAZIO - ZORROTZA;1301;L. Aguirre (89) / Sarriko;20
18;SAN IGNAZIO - ZORROTZA;1301;L. Aguirre (89) / Sarriko;20
18;SAN IGNAZIO - ZORROTZA;1302;L. Aguirre / Ugarteko;18
18;SAN IGNAZIO - ZORROTZA;1302;L. Aguirre / Ugarteko;18
18;SAN IGNAZIO - ZORROTZA;1303;L. Aguirre 135 / (Residencia);12
18;SAN IGNAZIO - ZORROTZA;1303;L. Aguirre 135 / (Residencia);12
18;SAN IGNAZIO - ZORROTZA;1304;L. Aguirre 140 / Residencia;0
18;SAN IGNAZIO - ZORROTZA;1304;L. Aguirre 140 / Residencia;0
18;SAN IGNAZIO - ZORROTZA;1305;L. Aguirre 81;13
18;SAN IGNAZIO - ZORROTZA;1305;L. Aguirre 81;13
18;SAN IGNAZIO - ZORROTZA;1412;L. Aguirre / (Ugarteko);15
18;SAN IGNAZIO - ZORROTZA;1413;L. Aguirre / Hizkuntza Eskola;0
18;SAN IGNAZIO - ZORROTZA;1413;L. Aguirre / Hizkuntza Eskola;0
18;SAN IGNAZIO - ZORROTZA;1414;L. Aguirre / (Bidarte);17
18;SAN IGNAZIO - ZORROTZA;1414;L. Aguirre / (Bidarte);17
18;SAN IGNAZIO - ZORROTZA;1415;L. Aguirre 42 / Bidarte;16
18;SAN IGNAZIO - ZORROTZA;1415;L. Aguirre 42 / Bidarte;16
18;SAN IGNAZIO - ZORROTZA;1423;San Pedro / Eliza;14
18;SAN IGNAZIO - ZORROTZA;1423;San Pedro / Eliza;14
18;SAN IGNAZIO - ZORROTZA;1424;San Pío X / F.Maciá;3
18;SAN IGNAZIO - ZORROTZA;1424;San Pío X / F.Maciá;3
18;SAN IGNAZIO - ZORROTZA;1425;San Pío X / H.Aguirre;12
18;SAN IGNAZIO - ZORROTZA;1425;San Pío X / H.Aguirre;12
18;SAN IGNAZIO - ZORROTZA;6107;Deustuko Zubia / Zubiarte;5
18;SAN IGNAZIO - ZORROTZA;6109;Elcano 2;7
18;SAN IGNAZIO - ZORROTZA;6109;Elcano 2;7
18;SAN IGNAZIO - ZORROTZA;6111;Gral. Concha 2 / P.Eguillor;11
18;SAN IGNAZIO - ZORROTZA;6111;Gral. Concha 2 / P.Eguillor;11
18;SAN IGNAZIO - ZORROTZA;6112;Gral. Concha 26;14
18;SAN IGNAZIO - ZORROTZA;6125;Museo 1 / Henao;9
18;SAN IGNAZIO - ZORROTZA;6125;Museo 1 / Henao;9
18;SAN IGNAZIO - ZORROTZA;6202;Autonomía 22;15
18;SAN IGNAZIO - ZORROTZA;6202;Autonomía 22;15
18;SAN IGNAZIO - ZORROTZA;6203;Autonomía 50;0
18;SAN IGNAZIO - ZORROTZA;6203;Autonomía 50;0
18;SAN IGNAZIO - ZORROTZA;6204;Deustuko Zubia;10
18;SAN IGNAZIO - ZORROTZA;6215;Iparraguirre (42) / Bizkaia pl.;5
18;SAN IGNAZIO - ZORROTZA;6216;Iparraguirre 29;7
18;SAN IGNAZIO - ZORROTZA;6216;Iparraguirre 29;7
18;SAN IGNAZIO - ZORROTZA;6219;Moyúa 4;9
18;SAN IGNAZIO - ZORROTZA;6219;Moyúa 4;9
18;SAN IGNAZIO - ZORROTZA;7103;Autonomía 13;17
18;SAN IGNAZIO - ZORROTZA;7103;Autonomía 13;17
18;SAN IGNAZIO - ZORROTZA;7104;Autonomía 43;2
18;SAN IGNAZIO - ZORROTZA;7104;Autonomía 43;2
18;SAN IGNAZIO - ZORROTZA;8111;Montevideo / (Ospitalea);15
18;SAN IGNAZIO - ZORROTZA;8111;Montevideo / (Ospitalea);15
18;SAN IGNAZIO - ZORROTZA;8112;Montevideo / Ospitalea;3
18;SAN IGNAZIO - ZORROTZA;8112;Montevideo / Ospitalea;3
18;SAN IGNAZIO - ZORROTZA;8113;Montevideo / Santa Ana;14
18;SAN IGNAZIO - ZORROTZA;8113;Montevideo / Santa Ana;14
18;SAN IGNAZIO - ZORROTZA;8122;Basurto / Briñas;2
18;SAN IGNAZIO - ZORROTZA;8123;Basurto / Aita Donostia;0
18;SAN IGNAZIO - ZORROTZA;8204;Montevideo / (Santa Ana);4
18;SAN IGNAZIO - ZORROTZA;8204;Montevideo / (Santa Ana);4
18;SAN IGNAZIO - ZORROTZA;8205;Montevideo / Olabeaga;5
18;SAN IGNAZIO - ZORROTZA;8501;Fray Juan 35;9
18;SAN IGNAZIO - ZORROTZA;8502;Fray Juan 11;11
18;SAN IGNAZIO - ZORROTZA;8502;Fray Juan 11;11
18;SAN IGNAZIO - ZORROTZA;8503;Zazpilanda / Bidegain;1
18;SAN IGNAZIO - ZORROTZA;8503;Zazpilanda / Bidegain;1
18;SAN IGNAZIO - ZORROTZA;8504;Zazpilanda / Mendigain;13
18;SAN IGNAZIO - ZORROTZA;8504;Zazpilanda / Mendigain;13
18;SAN IGNAZIO - ZORROTZA;8505;Zazpilanda / Pinadia;0
18;SAN IGNAZIO - ZORROTZA;8505;Zazpilanda / Pinadia;0
18;SAN IGNAZIO - ZORROTZA;8506;Zazpilanda 7;12
18;SAN IGNAZIO - ZORROTZA;8506;Zazpilanda 7;12
18;SAN IGNAZIO - ZORROTZA;8507;Zorrotzabaso (12);19
18;SAN IGNAZIO - ZORROTZA;8507;Zorrotzabaso (12);19
18;SAN IGNAZIO - ZORROTZA;8509;Zorrotza-Kastrexana 25;6
18;SAN IGNAZIO - ZORROTZA;8509;Zorrotza-Kastrexana 25;6
18;SAN IGNAZIO - ZORROTZA;8510;Zorrotza-Kastrexana 4;8
18;SAN IGNAZIO - ZORROTZA;8510;Zorrotza-Kastrexana 4;8
22;SARRIKUE - ATXURI;2104;Campo Volantín 13;4
22;SARRIKUE - ATXURI;2108;Ernesto Erkoreka / Udaletxea;3
22;SARRIKUE - ATXURI;2202;Kristo 1;9
22;SARRIKUE - ATXURI;2205;Ricardo Arregui 33;6
22;SARRIKUE - ATXURI;2206;Tiboli 12;5
22;SARRIKUE - ATXURI;2401;Aldamiz Mendia / Telefónica;9
22;SARRIKUE - ATXURI;2402;Izaro Mendia 8;8
22;SARRIKUE - ATXURI;2409;Trauko (5);7
22;SARRIKUE - ATXURI;2411;Vía Vieja de Lezama / Nueva Aurora;11
22;SARRIKUE - ATXURI;2415;Zumalacárregui / T.Zubiria;5
22;SARRIKUE - ATXURI;2501;Andramaria;1
22;SARRIKUE - ATXURI;2502;Arabella;1
22;SARRIKUE - ATXURI;2504;San Isidro;0
22;SARRIKUE - ATXURI;2507;Vía Vieja de Lezama 35;13
22;SARRIKUE - ATXURI;2508;Zumalacárregui 105;1
22;SARRIKUE - ATXURI;2510;Zurbaranbarri;0
22;SARRIKUE - ATXURI;2601;Sarrikue;9
22;SARRIKUE - ATXURI;2602;Zabalbide (112) / Arabella;11
22;SARRIKUE - ATXURI;5101;Arenal / (San Nicolás);13
22;SARRIKUE - ATXURI;5106;Ribera / Merkatua;10
22;SARRIKUE - ATXURI;5108;Sendeja (5);11
22;SARRIKUE - ATXURI;5110;Viuda de Epalza 1 / San Nicolás;1
22;SARRIKUE - ATXURI;5405;Dieciséis de Agosto;9
22;SARRIKUE - ATXURI;5601;Olano (4);0
22;SARRIKUE - ATXURI;5701;Cortes (2);19
22;SARRIKUE - ATXURI;5704;Muelle de la Merced 3;17
26;URIBARRI - BASURTU/TERMIBUS;2102;Campo Volantín (4);--
26;URIBARRI - BASURTU/TERMIBUS;2104;Campo Volantín 13;--
26;URIBARRI - BASURTU/TERMIBUS;2108;Ernesto Erkoreka / Udaletxea;--
26;URIBARRI - BASURTU/TERMIBUS;2110;Tiboli 1;--
26;URIBARRI - BASURTU/TERMIBUS;2203;Matiko 1;--
26;URIBARRI - BASURTU/TERMIBUS;2204;Matiko 31;--
26;URIBARRI - BASURTU/TERMIBUS;2205;Ricardo Arregui 33;0
26;URIBARRI - BASURTU/TERMIBUS;2206;Tiboli 12;--
26;URIBARRI - BASURTU/TERMIBUS;2408;San Balentin Berriotxoa (1);0
26;URIBARRI - BASURTU/TERMIBUS;2409;Trauko (5);--
26;URIBARRI - BASURTU/TERMIBUS;2410;Trauko 3;0
26;URIBARRI - BASURTU/TERMIBUS;2415;Zumalacárregui / T.Zubiria;0
26;URIBARRI - BASURTU/TERMIBUS;2416;Trauko 14;--
26;URIBARRI - BASURTU/TERMIBUS;5105;Puente del Arenal;0
26;URIBARRI - BASURTU/TERMIBUS;5108;Sendeja (5);--
26;URIBARRI - BASURTU/TERMIBUS;6113;Gran Vía 7;0
26;URIBARRI - BASURTU/TERMIBUS;6114;Gran Vía 36;--
26;URIBARRI - BASURTU/TERMIBUS;6115;Gran Vía 37;--
26;URIBARRI - BASURTU/TERMIBUS;6116;Gran Vía 40;--
26;URIBARRI - BASURTU/TERMIBUS;6117;Gran Vía 8;--
26;URIBARRI - BASURTU/TERMIBUS;6206;Gran Vía 43;--
26;URIBARRI - BASURTU/TERMIBUS;6208;Gran Vía 63;--
26;URIBARRI - BASURTU/TERMIBUS;6211;Gregorio la Revilla 2;--
26;URIBARRI - BASURTU/TERMIBUS;6212;Gregorio la Revilla 22;0
26;URIBARRI - BASURTU/TERMIBUS;6217;Jesusen Bihotza 1;--
26;URIBARRI - BASURTU/TERMIBUS;6221;Urquijo 68;0
26;URIBARRI - BASURTU/TERMIBUS;6222;Urquijo 94;--
26;URIBARRI - BASURTU/TERMIBUS;8115;Termibús;0
26;URIBARRI - BASURTU/TERMIBUS;8116;Torres Quevedo;9
26;URIBARRI - BASURTU/TERMIBUS;8119;Zunzunegui / Termibús;2
27;ARABELLA - BETOLATZA;2301;Maurice Ravel / C.Jardín;4
27;ARABELLA - BETOLATZA;2403;Maurice Ravel / (Mirador);9
27;ARABELLA - BETOLATZA;2404;Maurice Ravel / Mirador;3
27;ARABELLA - BETOLATZA;2405;Maurice Ravel 20 / Telefónica;1
27;ARABELLA - BETOLATZA;2406;Maurice Ravel 7 / (Telefónica);11
27;ARABELLA - BETOLATZA;2407;Músico Guridi;12
27;ARABELLA - BETOLATZA;2501;Andramaria;5
27;ARABELLA - BETOLATZA;2502;Arabella;9
27;ARABELLA - BETOLATZA;2503;Artzain Onaren 4;15
27;ARABELLA - BETOLATZA;2504;San Isidro;10
27;ARABELLA - BETOLATZA;2505;Vía Vieja de Lezama / Iturriondo;2
27;ARABELLA - BETOLATZA;2506;Vía Vieja de Lezama 2;1
27;ARABELLA - BETOLATZA;2508;Zumalacárregui 105;12
27;ARABELLA - BETOLATZA;2510;Zurbaranbarri;4
27;ARABELLA - BETOLATZA;5104;Párroco Ugaz / Rotonda;0
27;ARABELLA - BETOLATZA;6101;Alda Recalde 11;6
27;ARABELLA - BETOLATZA;6102;Alda Recalde 12;8
27;ARABELLA - BETOLATZA;6103;Alda Recalde 31;5
27;ARABELLA - BETOLATZA;6116;Gran Vía 40;0
27;ARABELLA - BETOLATZA;6205;Gran Vía 41;2
27;ARABELLA - BETOLATZA;6211;Gregorio la Revilla 2;2
27;ARABELLA - BETOLATZA;6212;Gregorio la Revilla 22;5
27;ARABELLA - BETOLATZA;6214;Gregorio la Revilla 36;7
27;ARABELLA - BETOLATZA;6215;Iparraguirre (42) / Bizkaia pl.;15
27;ARABELLA - BETOLATZA;7106;Gordoniz 22;10
27;ARABELLA - BETOLATZA;7107;Gordoniz 39;7
27;ARABELLA - BETOLATZA;7303;Camilo Villabaso (27);0
27;ARABELLA - BETOLATZA;7308;Gordoniz (54) / Pza Errekalde;4
27;ARABELLA - BETOLATZA;7309;Gordoniz (90);2
27;ARABELLA - BETOLATZA;7310;Gordoniz 36;12
27;ARABELLA - BETOLATZA;7311;Gordoniz 49A;5
27;ARABELLA - BETOLATZA;7314;Goya 7;13
27;ARABELLA - BETOLATZA;7501;Altube 12;0
27;ARABELLA - BETOLATZA;7502;Betolatza 41;9
27;ARABELLA - BETOLATZA;7503;Betolatza 51;9
27;ARABELLA - BETOLATZA;7508;Circunvalación 1;1
27;ARABELLA - BETOLATZA;7509;Circunvalación 12;1
27;ARABELLA - BETOLATZA;7510;Uretamendi / Plaza;2
27;ARABELLA - BETOLATZA;7602;Iturrigorribidea 37;0
30;TXURDINAGA -MIRIBILLA;2202;Kristo 1;26
30;TXURDINAGA -MIRIBILLA;2415;Zumalacárregui / T.Zubiria;24
30;TXURDINAGA -MIRIBILLA;2504;San Isidro;18
30;TXURDINAGA -MIRIBILLA;2508;Zumalacárregui 105;21
30;TXURDINAGA -MIRIBILLA;3201;Artalandio 1 / Dr.Ornilla;13
30;TXURDINAGA -MIRIBILLA;3205;Fernando Jiménez 12;9
30;TXURDINAGA -MIRIBILLA;3219;Julián Gaiarre 33 / Artalandio;12
30;TXURDINAGA -MIRIBILLA;3220;Julián Gaiarre 36;11
30;TXURDINAGA -MIRIBILLA;3223;Julián Gaiarre 82;12
30;TXURDINAGA -MIRIBILLA;3224;Ondarroa / Parkea;13
30;TXURDINAGA -MIRIBILLA;3225;Txomin Garat 12 / (Anbulatorioa);8
30;TXURDINAGA -MIRIBILLA;3226;Txomin Garat 4;8
30;TXURDINAGA -MIRIBILLA;3227;Txomin Garat 40 / Residencia;10
30;TXURDINAGA -MIRIBILLA;3228;Txomin Garat 9 / Anbulatorioa;15
30;TXURDINAGA -MIRIBILLA;3229;Zabalbide (61);17
30;TXURDINAGA -MIRIBILLA;4104;Begoñako Basilika;6
30;TXURDINAGA -MIRIBILLA;4109;Zumalacárregui 38;5
30;TXURDINAGA -MIRIBILLA;5103;Ernesto Erkoreka 8;0
30;TXURDINAGA -MIRIBILLA;5105;Puente del Arenal;1
30;TXURDINAGA -MIRIBILLA;5108;Sendeja (5);27
30;TXURDINAGA -MIRIBILLA;5111;Zumalacárregui / (T.Zubiria);2
30;TXURDINAGA -MIRIBILLA;5801;Dr. Fleming 1;0
30;TXURDINAGA -MIRIBILLA;5802;Juan de Garay 11;2
30;TXURDINAGA -MIRIBILLA;5805;Xenpelar / Zabala;0
30;TXURDINAGA -MIRIBILLA;5806;Zabala 22;1
30;TXURDINAGA -MIRIBILLA;5901;Gernika 1;12
30;TXURDINAGA -MIRIBILLA;5902;Gernika 10;5
30;TXURDINAGA -MIRIBILLA;5903;Gernika 11;11
30;TXURDINAGA -MIRIBILLA;5904;Gernika 23;9
30;TXURDINAGA -MIRIBILLA;5905;Gernika 24;7
30;TXURDINAGA -MIRIBILLA;5916;Xenpelar / Trav.Zabala;3
30;TXURDINAGA -MIRIBILLA;6119;Hurtado Amézaga 2 / (Geltokia-Estación);4
30;TXURDINAGA -MIRIBILLA;6120;Hurtado Amézaga 15;6
30;TXURDINAGA -MIRIBILLA;6121;Hurtado Amézaga 50;7
30;TXURDINAGA -MIRIBILLA;6123;Juan de Garay 7;3
30;TXURDINAGA -MIRIBILLA;6127;Plaza Biribila / Navarra;15
34;OTXARKOAGA - SANTUTXU;3104;Langaran (3) / Merkatua;1
34;OTXARKOAGA - SANTUTXU;3105;Langaran 44;6
34;OTXARKOAGA - SANTUTXU;3106;Larratundu 21;9
34;OTXARKOAGA - SANTUTXU;3107;Pau Casals (21) / C.Cívico;0
34;OTXARKOAGA - SANTUTXU;3109;Pau Casals 16;28
34;OTXARKOAGA - SANTUTXU;3110;Txotena / Langaran;2
34;OTXARKOAGA - SANTUTXU;3111;Txotena 62;4
34;OTXARKOAGA - SANTUTXU;3112;Txotena 8;3
34;OTXARKOAGA - SANTUTXU;3117;Larratundu 1;0
34;OTXARKOAGA - SANTUTXU;3202;Dr. Ornilla (12);25
34;OTXARKOAGA - SANTUTXU;3203;Dr. Ornilla / Artalandio;26
34;OTXARKOAGA - SANTUTXU;3204;Dr. Ornilla / Pau Casals;27
34;OTXARKOAGA - SANTUTXU;3216;Julián Gaiarre (6);16
34;OTXARKOAGA - SANTUTXU;3218;Julián Gaiarre 23;13
34;OTXARKOAGA - SANTUTXU;3221;Julián Gaiarre 39 / Artalandio;11
34;OTXARKOAGA - SANTUTXU;3222;Julián Gaiarre 61;10
34;OTXARKOAGA - SANTUTXU;4202;Circo Amateur / Kiroldegia;17
34;OTXARKOAGA - SANTUTXU;4203;Enrique Ibarreta 2;24
34;OTXARKOAGA - SANTUTXU;4208;Iturriaga 58 / L. Briñas Eskola;19
38;OTXARKOAGA - BASURTU/TERMIBUS;2301;Maurice Ravel / C.Jardín;9
38;OTXARKOAGA - BASURTU/TERMIBUS;2403;Maurice Ravel / (Mirador);3
38;OTXARKOAGA - BASURTU/TERMIBUS;2404;Maurice Ravel / Mirador;9
38;OTXARKOAGA - BASURTU/TERMIBUS;2405;Maurice Ravel 20 / Telefónica;7
38;OTXARKOAGA - BASURTU/TERMIBUS;2406;Maurice Ravel 7 / (Telefónica);5
38;OTXARKOAGA - BASURTU/TERMIBUS;2407;Músico Guridi;6
38;OTXARKOAGA - BASURTU/TERMIBUS;2503;Artzain Onaren 4;6
38;OTXARKOAGA - BASURTU/TERMIBUS;2504;San Isidro;2
38;OTXARKOAGA - BASURTU/TERMIBUS;2508;Zumalacárregui 105;4
38;OTXARKOAGA - BASURTU/TERMIBUS;3109;Pau Casals 16;5
38;OTXARKOAGA - BASURTU/TERMIBUS;3201;Artalandio 1 / Dr.Ornilla;11
38;OTXARKOAGA - BASURTU/TERMIBUS;3204;Dr. Ornilla / Pau Casals;4
38;OTXARKOAGA - BASURTU/TERMIBUS;3206;Gabriel Aresti / (Anbulatorioa);1
38;OTXARKOAGA - BASURTU/TERMIBUS;3207;Gabriel Aresti / Jesús Galíndez;3
38;OTXARKOAGA - BASURTU/TERMIBUS;3221;Julián Gaiarre 39 / Artalandio;10
38;OTXARKOAGA - BASURTU/TERMIBUS;3222;Julián Gaiarre 61;9
38;OTXARKOAGA - BASURTU/TERMIBUS;3226;Txomin Garat 4;0
38;OTXARKOAGA - BASURTU/TERMIBUS;3228;Txomin Garat 9 / Anbulatorioa;13
38;OTXARKOAGA - BASURTU/TERMIBUS;3229;Zabalbide (61);1
38;OTXARKOAGA - BASURTU/TERMIBUS;4104;Begoñako Basilika;9
38;OTXARKOAGA - BASURTU/TERMIBUS;4109;Zumalacárregui 38;8
38;OTXARKOAGA - BASURTU/TERMIBUS;6101;Alda Recalde 11;1
38;OTXARKOAGA - BASURTU/TERMIBUS;6102;Alda Recalde 12;0
38;OTXARKOAGA - BASURTU/TERMIBUS;6103;Alda Recalde 31;15
38;OTXARKOAGA - BASURTU/TERMIBUS;6116;Gran Vía 40;2
38;OTXARKOAGA - BASURTU/TERMIBUS;6203;Autonomía 50;12
38;OTXARKOAGA - BASURTU/TERMIBUS;6205;Gran Vía 41;12
38;OTXARKOAGA - BASURTU/TERMIBUS;6211;Gregorio la Revilla 2;4
38;OTXARKOAGA - BASURTU/TERMIBUS;6212;Gregorio la Revilla 22;7
38;OTXARKOAGA - BASURTU/TERMIBUS;6214;Gregorio la Revilla 36;11
38;OTXARKOAGA - BASURTU/TERMIBUS;6215;Iparraguirre (42) / Bizkaia pl.;12
38;OTXARKOAGA - BASURTU/TERMIBUS;7104;Autonomía 43;3
38;OTXARKOAGA - BASURTU/TERMIBUS;8107;Gurtubay / Ospitalea;0
38;OTXARKOAGA - BASURTU/TERMIBUS;8115;Termibús;8
38;OTXARKOAGA - BASURTU/TERMIBUS;8122;Basurto / Briñas;0
38;OTXARKOAGA - BASURTU/TERMIBUS;8123;Basurto / Aita Donostia;0
40;SANTUTXU - PLAZA BIRIBILA;4102;Amadeo Deprit / P.Cortés;14
40;SANTUTXU - PLAZA BIRIBILA;4107;Masustegi 21;15
40;SANTUTXU - PLAZA BIRIBILA;4108;Masustegi 3;16
40;SANTUTXU - PLAZA BIRIBILA;4201;Antonio Eguiluz 19;0
40;SANTUTXU - PLAZA BIRIBILA;4204;Indalecio Prieto (12);0
40;SANTUTXU - PLAZA BIRIBILA;4205;Indalecio Prieto 1;0
40;SANTUTXU - PLAZA BIRIBILA;4210;Santutxu (45);0
40;SANTUTXU - PLAZA BIRIBILA;4211;Santutxu 18;0
40;SANTUTXU - PLAZA BIRIBILA;4212;Santutxu 2;0
40;SANTUTXU - PLAZA BIRIBILA;4213;Santutxu 48;0
40;SANTUTXU - PLAZA BIRIBILA;4305;Sagarmínaga 32 / Eskola;0
40;SANTUTXU - PLAZA BIRIBILA;5103;Ernesto Erkoreka 8;9
40;SANTUTXU - PLAZA BIRIBILA;5104;Párroco Ugaz / Rotonda;13
40;SANTUTXU - PLAZA BIRIBILA;5105;Puente del Arenal;0
40;SANTUTXU - PLAZA BIRIBILA;5106;Ribera / Merkatua;0
40;SANTUTXU - PLAZA BIRIBILA;5111;Zumalacárregui / (T.Zubiria);12
40;SANTUTXU - PLAZA BIRIBILA;5201;Amadeo Deprit 1;14
40;SANTUTXU - PLAZA BIRIBILA;5305;Zabalbide 41;17
40;SANTUTXU - PLAZA BIRIBILA;5403;Atxuri 15;0
40;SANTUTXU - PLAZA BIRIBILA;5404;Atxuri 49;0
40;SANTUTXU - PLAZA BIRIBILA;5407;Santos Juanes 7;0
40;SANTUTXU - PLAZA BIRIBILA;6126;Plaza Biribila / Gran Vía;7
43;GARAIZAR - SANTUTXU;3102;Julián Gaiarre (61);13
43;GARAIZAR - SANTUTXU;3109;Pau Casals 16;27
43;GARAIZAR - SANTUTXU;3113;Ugarte (7);17
43;GARAIZAR - SANTUTXU;3114;Ugarte 2;16
43;GARAIZAR - SANTUTXU;3115;Zizeruena / Eliza;15
43;GARAIZAR - SANTUTXU;3202;Dr. Ornilla (12);10
43;GARAIZAR - SANTUTXU;3203;Dr. Ornilla / Artalandio;11
43;GARAIZAR - SANTUTXU;3204;Dr. Ornilla / Pau Casals;27
43;GARAIZAR - SANTUTXU;3208;Garaizar (16);24
43;GARAIZAR - SANTUTXU;3209;Garaizar / Ikastola;25
43;GARAIZAR - SANTUTXU;3213;Jesús Galíndez 26;26
43;GARAIZAR - SANTUTXU;3215;Julián Gaiarre (39) / Artalandio;12
43;GARAIZAR - SANTUTXU;3216;Julián Gaiarre (6);0
43;GARAIZAR - SANTUTXU;3218;Julián Gaiarre 23;32
43;GARAIZAR - SANTUTXU;3221;Julián Gaiarre 39 / Artalandio;31
43;GARAIZAR - SANTUTXU;3222;Julián Gaiarre 61;30
43;GARAIZAR - SANTUTXU;4202;Circo Amateur / Kiroldegia;1
43;GARAIZAR - SANTUTXU;4203;Enrique Ibarreta 2;9
43;GARAIZAR - SANTUTXU;4208;Iturriaga 58 / L. Briñas Eskola;3
48;SANTUTXU - LEZEAGA;2301;Maurice Ravel / C.Jardín;4
48;SANTUTXU - LEZEAGA;2403;Maurice Ravel / (Mirador);10
48;SANTUTXU - LEZEAGA;2404;Maurice Ravel / Mirador;3
48;SANTUTXU - LEZEAGA;2405;Maurice Ravel 20 / Telefónica;1
48;SANTUTXU - LEZEAGA;2406;Maurice Ravel 7 / (Telefónica);12
48;SANTUTXU - LEZEAGA;2407;Músico Guridi;14
48;SANTUTXU - LEZEAGA;2503;Artzain Onaren 4;0
48;SANTUTXU - LEZEAGA;2508;Zumalacárregui 105;17
48;SANTUTXU - LEZEAGA;4101;Amadeo Deprit / Dolaretxe;13
48;SANTUTXU - LEZEAGA;4102;Amadeo Deprit / P.Cortés;17
48;SANTUTXU - LEZEAGA;4103;Amadeo Deprit 8;14
48;SANTUTXU - LEZEAGA;4106;Masustegi (21);12
48;SANTUTXU - LEZEAGA;4107;Masustegi 21;0
48;SANTUTXU - LEZEAGA;4108;Masustegi 3;1
48;SANTUTXU - LEZEAGA;4208;Iturriaga 58 / L. Briñas Eskola;9
48;SANTUTXU - LEZEAGA;4209;Santa Klara (12);10
48;SANTUTXU - LEZEAGA;4211;Santutxu 18;6
48;SANTUTXU - LEZEAGA;4212;Santutxu 2;4
48;SANTUTXU - LEZEAGA;4213;Santutxu 48;7
48;SANTUTXU - LEZEAGA;5104;Párroco Ugaz / Rotonda;16
48;SANTUTXU - LEZEAGA;5201;Amadeo Deprit 1;0
48;SANTUTXU - LEZEAGA;5305;Zabalbide 41;3
48;SANTUTXU - LEZEAGA;6101;Alda Recalde 11;7
48;SANTUTXU - LEZEAGA;6102;Alda Recalde 12;7
48;SANTUTXU - LEZEAGA;6103;Alda Recalde 31;5
48;SANTUTXU - LEZEAGA;6116;Gran Vía 40;9
48;SANTUTXU - LEZEAGA;6203;Autonomía 50;3
48;SANTUTXU - LEZEAGA;6205;Gran Vía 41;3
48;SANTUTXU - LEZEAGA;6211;Gregorio la Revilla 2;12
48;SANTUTXU - LEZEAGA;6212;Gregorio la Revilla 22;0
48;SANTUTXU - LEZEAGA;6214;Gregorio la Revilla 36;2
48;SANTUTXU - LEZEAGA;6215;Iparraguirre (42) / Bizkaia pl.;10
48;SANTUTXU - LEZEAGA;7104;Autonomía 43;11
48;SANTUTXU - LEZEAGA;8103;Basurtubekoa / (Iparralde);3
48;SANTUTXU - LEZEAGA;8104;Basurtubekoa / Iparralde;11
48;SANTUTXU - LEZEAGA;8110;Montevideo / (Gurtubay);7
48;SANTUTXU - LEZEAGA;8114;Ospitalea;8
48;SANTUTXU - LEZEAGA;8122;Basurto / Briñas;6
48;SANTUTXU - LEZEAGA;8123;Basurto / Aita Donostia;8
48;SANTUTXU - LEZEAGA;8301;Auntzetxeta (18);15
48;SANTUTXU - LEZEAGA;8302;Auntzetxeta 18;0
48;SANTUTXU - LEZEAGA;8303;Auntzetxeta 4;0
48;SANTUTXU - LEZEAGA;8304;Auntzetxeta 7;16
48;SANTUTXU - LEZEAGA;8305;Basurtugorta 1;13
48;SANTUTXU - LEZEAGA;8313;Masustegi Estrata 3 Bis;1
50;BUIA - LA PEÑA;5501;Abusu / Ibaialde;24
50;BUIA - LA PEÑA;5502;Abusu / Ibaieder;15
50;BUIA - LA PEÑA;5504;Buia / (Bolintxubidea);11
50;BUIA - LA PEÑA;5505;Buia / Bolintxubidea;2
50;BUIA - LA PEÑA;5506;Buia Auzoa (153);10
50;BUIA - LA PEÑA;5507;Buia Auzoa 153;3
50;BUIA - LA PEÑA;5508;Buia Bekoa;9
50;BUIA - LA PEÑA;5511;Ollargan;0
50;BUIA - LA PEÑA;5516;Zamacola 116;25
50;BUIA - LA PEÑA;5517;Zamacola 150 / Eliza;26
50;BUIA - LA PEÑA;5518;Zamacola 168;6
56;LA PEÑA - JESUSEN BIHOTZA;5102;Arenal / Arriaga;7
56;LA PEÑA - JESUSEN BIHOTZA;5105;Puente del Arenal;3
56;LA PEÑA - JESUSEN BIHOTZA;5106;Ribera / Merkatua;1
56;LA PEÑA - JESUSEN BIHOTZA;5501;Abusu / Ibaialde;0
56;LA PEÑA - JESUSEN BIHOTZA;5502;Abusu / Ibaieder;20
56;LA PEÑA - JESUSEN BIHOTZA;5503;Abusu / Ibaizabal;2
56;LA PEÑA - JESUSEN BIHOTZA;5513;Urazurrutia;5
56;LA PEÑA - JESUSEN BIHOTZA;5514;Zamacola (84);3
56;LA PEÑA - JESUSEN BIHOTZA;5515;Zamacola / Eskola;12
56;LA PEÑA - JESUSEN BIHOTZA;5516;Zamacola 116;12
56;LA PEÑA - JESUSEN BIHOTZA;5517;Zamacola 150 / Eliza;14
56;LA PEÑA - JESUSEN BIHOTZA;5518;Zamacola 168;54
56;LA PEÑA - JESUSEN BIHOTZA;5519;Zamacola 26;8
56;LA PEÑA - JESUSEN BIHOTZA;5520;Zamacola 4;7
56;LA PEÑA - JESUSEN BIHOTZA;5521;Zamacola 45;4
56;LA PEÑA - JESUSEN BIHOTZA;5522;Zamacola 70;11
56;LA PEÑA - JESUSEN BIHOTZA;5601;Olano (4);3
56;LA PEÑA - JESUSEN BIHOTZA;5602;Urazurrutia 1 / Sala Cuna;0
56;LA PEÑA - JESUSEN BIHOTZA;5603;Urazurrutia 14;5
56;LA PEÑA - JESUSEN BIHOTZA;5604;Urazurrutia 40;7
56;LA PEÑA - JESUSEN BIHOTZA;5701;Cortes (2);2
56;LA PEÑA - JESUSEN BIHOTZA;5704;Muelle de la Merced 3;1
56;LA PEÑA - JESUSEN BIHOTZA;6113;Gran Vía 7;4
56;LA PEÑA - JESUSEN BIHOTZA;6114;Gran Vía 36;8
56;LA PEÑA - JESUSEN BIHOTZA;6115;Gran Vía 37;1
56;LA PEÑA - JESUSEN BIHOTZA;6116;Gran Vía 40;9
56;LA PEÑA - JESUSEN BIHOTZA;6117;Gran Vía 8;6
56;LA PEÑA - JESUSEN BIHOTZA;6206;Gran Vía 43;10
56;LA PEÑA - JESUSEN BIHOTZA;6207;Gran Vía 62;10
56;LA PEÑA - JESUSEN BIHOTZA;6208;Gran Vía 63;7
56;LA PEÑA - JESUSEN BIHOTZA;6217;Jesusen Bihotza 1;7
57;MIRIBILLA - OSPITALEA;5804;Rotonda Juan de Garay;0
57;MIRIBILLA - OSPITALEA;5901;Gernika 1;50
57;MIRIBILLA - OSPITALEA;5902;Gernika 10;51
57;MIRIBILLA - OSPITALEA;5903;Gernika 11;49
57;MIRIBILLA - OSPITALEA;5904;Gernika 23;48
57;MIRIBILLA - OSPITALEA;5905;Gernika 24;53
57;MIRIBILLA - OSPITALEA;5906;Goiko Torre 12;41
57;MIRIBILLA - OSPITALEA;5907;Julián Zugazagoitia 13;44
57;MIRIBILLA - OSPITALEA;5908;La Floresta;42
57;MIRIBILLA - OSPITALEA;5909;Martín Barua (24);56
57;MIRIBILLA - OSPITALEA;5910;Martín Barua 17 / Institutoa;57
57;MIRIBILLA - OSPITALEA;5913;San Adrián 2;38
57;MIRIBILLA - OSPITALEA;5914;San Adrián 36;39
57;MIRIBILLA - OSPITALEA;7201;Bergara (12);1
57;MIRIBILLA - OSPITALEA;7204;Irala (53) / Eskurtze;34
57;MIRIBILLA - OSPITALEA;7205;Irala 28;33
57;MIRIBILLA - OSPITALEA;7209;Rotonda Eskurtze;36
57;MIRIBILLA - OSPITALEA;7302;Benito Alberdi (6);25
57;MIRIBILLA - OSPITALEA;7310;Gordoniz 36;24
57;MIRIBILLA - OSPITALEA;7311;Gordoniz 49A;28
57;MIRIBILLA - OSPITALEA;7314;Goya 7;11
57;MIRIBILLA - OSPITALEA;7315;Jaén (9);29
57;MIRIBILLA - OSPITALEA;7316;Jaén 7;7
57;MIRIBILLA - OSPITALEA;8114;Ospitalea;17
57;MIRIBILLA - OSPITALEA;8117;Trenbideko Etorbidea / Autonomía;21
57;MIRIBILLA - OSPITALEA;8121;Sabino Arana 65;0
57;MIRIBILLA - OSPITALEA;8123;Basurto / Aita Donostia;19
58;MINTEGITXUETA - ATXURI;5105;Puente del Arenal;9
58;MINTEGITXUETA - ATXURI;5106;Ribera / Merkatua;5
58;MINTEGITXUETA - ATXURI;5405;Dieciséis de Agosto;4
58;MINTEGITXUETA - ATXURI;5601;Olano (4);14
58;MINTEGITXUETA - ATXURI;5701;Cortes (2);13
58;MINTEGITXUETA - ATXURI;5702;Cortes 13;12
58;MINTEGITXUETA - ATXURI;5703;Cortes 23;11
58;MINTEGITXUETA - ATXURI;6106;Autonomía 4;3
58;MINTEGITXUETA - ATXURI;6119;Hurtado Amézaga 2 / (Geltokia-Estación);0
58;MINTEGITXUETA - ATXURI;6202;Autonomía 22;4
58;MINTEGITXUETA - ATXURI;6203;Autonomía 50;6
58;MINTEGITXUETA - ATXURI;7102;Autonomía 1;9
58;MINTEGITXUETA - ATXURI;7103;Autonomía 13;7
58;MINTEGITXUETA - ATXURI;7104;Autonomía 43;4
58;MINTEGITXUETA - ATXURI;8103;Basurtubekoa / (Iparralde);11
58;MINTEGITXUETA - ATXURI;8104;Basurtubekoa / Iparralde;13
58;MINTEGITXUETA - ATXURI;8105;Basurtu-Kastrexana (65);2
58;MINTEGITXUETA - ATXURI;8106;Basurtu-Kastrexana 63;5
58;MINTEGITXUETA - ATXURI;8110;Montevideo / (Gurtubay);0
58;MINTEGITXUETA - ATXURI;8122;Basurto / Briñas;8
58;MINTEGITXUETA - ATXURI;8123;Basurto / Aita Donostia;2
58;MINTEGITXUETA - ATXURI;8301;Auntzetxeta (18);15
58;MINTEGITXUETA - ATXURI;8302;Auntzetxeta 18;8
58;MINTEGITXUETA - ATXURI;8303;Auntzetxeta 4;7
58;MINTEGITXUETA - ATXURI;8304;Auntzetxeta 7;0
58;MINTEGITXUETA - ATXURI;8305;Basurtugorta 1;14
58;MINTEGITXUETA - ATXURI;8306;Kobeta Mendia (41) / Mirador;12
58;MINTEGITXUETA - ATXURI;8307;Kobeta Mendia / Acc.Barrio;12
58;MINTEGITXUETA - ATXURI;8308;Lezeaga 14;6
58;MINTEGITXUETA - ATXURI;8309;Lezeaga 9;0
58;MINTEGITXUETA - ATXURI;8310;Masustegi Estrata / Eskailerak;11
58;MINTEGITXUETA - ATXURI;8311;Masustegi Estrata / Eskola;10
58;MINTEGITXUETA - ATXURI;8312;Masustegi Estrata / Mintegitxueta;10
58;MINTEGITXUETA - ATXURI;8313;Masustegi Estrata 3 Bis;8
58;MINTEGITXUETA - ATXURI;8401;Basurtu-Kastrexana (123) / Albergue;2
58;MINTEGITXUETA - ATXURI;8402;Basurtu-Kastrexana / Altamira;4
58;MINTEGITXUETA - ATXURI;8403;Basurtu-Kastrexana 123;5
58;MINTEGITXUETA - ATXURI;8404;Kobetabidea / Altamira;0
58;MINTEGITXUETA - ATXURI;8601;Altamira;4
58;MINTEGITXUETA - ATXURI;8602;Basurtu-Kastrexana / (Altamira);3
58;MINTEGITXUETA - ATXURI;8603;Kobeta Mendia / (Acc.Barrio);2
58;MINTEGITXUETA - ATXURI;8604;Kobeta Mendia 33;12
58;MINTEGITXUETA - ATXURI;8605;Kobeta Mendia 34;9
58;MINTEGITXUETA - ATXURI;8606;Kobeta Mendia 41 / (Mirador);0
58;MINTEGITXUETA - ATXURI;8607;Kobetabidea (104);7
58;MINTEGITXUETA - ATXURI;8608;Kobetabidea (16);8
58;MINTEGITXUETA - ATXURI;8609;Kobetabidea (193) / Alto Kastrexana;6
58;MINTEGITXUETA - ATXURI;8610;Kobetabidea 104;0
58;MINTEGITXUETA - ATXURI;8611;Kobetabidea 193 / Alto Kastrexana;0
58;MINTEGITXUETA - ATXURI;8612;Masustegi Estrata / (Eskailerak);3
58;MINTEGITXUETA - ATXURI;8613;Masustegi Estrata / (Eskola);3
62;BASURTU/TERMIBUS - ARABELLA;2202;Kristo 1;25
62;BASURTU/TERMIBUS - ARABELLA;2415;Zumalacárregui / T.Zubiria;23
62;BASURTU/TERMIBUS - ARABELLA;2501;Andramaria;16
62;BASURTU/TERMIBUS - ARABELLA;2502;Arabella;17
62;BASURTU/TERMIBUS - ARABELLA;2504;San Isidro;19
62;BASURTU/TERMIBUS - ARABELLA;2505;Vía Vieja de Lezama / Iturriondo;14
62;BASURTU/TERMIBUS - ARABELLA;2506;Vía Vieja de Lezama 2;12
62;BASURTU/TERMIBUS - ARABELLA;2508;Zumalacárregui 105;20
62;BASURTU/TERMIBUS - ARABELLA;2510;Zurbaranbarri;16
62;BASURTU/TERMIBUS - ARABELLA;5103;Ernesto Erkoreka 8;4
62;BASURTU/TERMIBUS - ARABELLA;5104;Párroco Ugaz / Rotonda;10
62;BASURTU/TERMIBUS - ARABELLA;5110;Viuda de Epalza 1 / San Nicolás;1
62;BASURTU/TERMIBUS - ARABELLA;5111;Zumalacárregui / (T.Zubiria);7
62;BASURTU/TERMIBUS - ARABELLA;6113;Gran Vía 7;0
62;BASURTU/TERMIBUS - ARABELLA;6115;Gran Vía 37;7
62;BASURTU/TERMIBUS - ARABELLA;6122;Ibáñez de Bilbao 14;1
62;BASURTU/TERMIBUS - ARABELLA;6124;Mazarredo 3;4
62;BASURTU/TERMIBUS - ARABELLA;6128;Urquijo 14 / Institutoa;7
62;BASURTU/TERMIBUS - ARABELLA;6206;Gran Vía 43;5
62;BASURTU/TERMIBUS - ARABELLA;6208;Gran Vía 63;4
62;BASURTU/TERMIBUS - ARABELLA;6217;Jesusen Bihotza 1;2
62;BASURTU/TERMIBUS - ARABELLA;6221;Urquijo 68;14
62;BASURTU/TERMIBUS - ARABELLA;6222;Urquijo 94;17
62;BASURTU/TERMIBUS - ARABELLA;6226;Urquijo / Bizkaia pl.;9
62;BASURTU/TERMIBUS - ARABELLA;8115;Termibús;44
62;BASURTU/TERMIBUS - ARABELLA;8116;Torres Quevedo;15
62;BASURTU/TERMIBUS - ARABELLA;8119;Zunzunegui / Termibús;0
71;MIRIBILLA - SAN IGNAZIO;1101;L. Aguirre 149;11
71;MIRIBILLA - SAN IGNAZIO;1102;L. Aguirre 154;6
71;MIRIBILLA - SAN IGNAZIO;1103;L. Aguirre 161;10
71;MIRIBILLA - SAN IGNAZIO;1104;L. Aguirre 172 / Levante pl.;6
71;MIRIBILLA - SAN IGNAZIO;1105;L. Aguirre 179;9
71;MIRIBILLA - SAN IGNAZIO;1301;L. Aguirre (89) / Sarriko;4
71;MIRIBILLA - SAN IGNAZIO;1302;L. Aguirre / Ugarteko;2
71;MIRIBILLA - SAN IGNAZIO;1303;L. Aguirre 135 / (Residencia);12
71;MIRIBILLA - SAN IGNAZIO;1304;L. Aguirre 140 / Residencia;5
71;MIRIBILLA - SAN IGNAZIO;1305;L. Aguirre 81;14
71;MIRIBILLA - SAN IGNAZIO;1405;Botika Zaharra / Deustuko Zubia;76
71;MIRIBILLA - SAN IGNAZIO;1410;Hermanos Aguirre / Unibertsitatea;9
71;MIRIBILLA - SAN IGNAZIO;1412;L. Aguirre / (Ugarteko);15
71;MIRIBILLA - SAN IGNAZIO;1413;L. Aguirre / Hizkuntza Eskola;0
71;MIRIBILLA - SAN IGNAZIO;1414;L. Aguirre / (Bidarte);17
71;MIRIBILLA - SAN IGNAZIO;1415;L. Aguirre 42 / Bidarte;1
71;MIRIBILLA - SAN IGNAZIO;1423;San Pedro / Eliza;0
71;MIRIBILLA - SAN IGNAZIO;1426;Unibertsitate (24);4
71;MIRIBILLA - SAN IGNAZIO;1427;Unibertsitate 24;8
71;MIRIBILLA - SAN IGNAZIO;2101;Campo Volantín (21);8
71;MIRIBILLA - SAN IGNAZIO;2102;Campo Volantín (4);9
71;MIRIBILLA - SAN IGNAZIO;2103;Campo Volantín / La Salve;5
71;MIRIBILLA - SAN IGNAZIO;2105;Campo Volantín 23;4
71;MIRIBILLA - SAN IGNAZIO;2108;Ernesto Erkoreka / Udaletxea;2
71;MIRIBILLA - SAN IGNAZIO;2109;La Salve / Igogailua;7
71;MIRIBILLA - SAN IGNAZIO;5105;Puente del Arenal;14
71;MIRIBILLA - SAN IGNAZIO;5108;Sendeja (5);11
71;MIRIBILLA - SAN IGNAZIO;5802;Juan de Garay 11;12
71;MIRIBILLA - SAN IGNAZIO;5803;Juan de Garay 33;10
71;MIRIBILLA - SAN IGNAZIO;5804;Rotonda Juan de Garay;9
71;MIRIBILLA - SAN IGNAZIO;5904;Gernika 23;4
71;MIRIBILLA - SAN IGNAZIO;5906;Goiko Torre 12;4
71;MIRIBILLA - SAN IGNAZIO;5907;Julián Zugazagoitia 13;8
71;MIRIBILLA - SAN IGNAZIO;5908;La Floresta;6
71;MIRIBILLA - SAN IGNAZIO;5909;Martín Barua (24);6
71;MIRIBILLA - SAN IGNAZIO;5910;Martín Barua 17 / Institutoa;7
71;MIRIBILLA - SAN IGNAZIO;5913;San Adrián 2;2
71;MIRIBILLA - SAN IGNAZIO;5914;San Adrián 36;3
71;MIRIBILLA - SAN IGNAZIO;6118;Hurtado Amézaga 1 / Geltokia-Estación;18
71;MIRIBILLA - SAN IGNAZIO;6119;Hurtado Amézaga 2 / (Geltokia-Estación);16
71;MIRIBILLA - SAN IGNAZIO;6120;Hurtado Amézaga 15;16
71;MIRIBILLA - SAN IGNAZIO;6121;Hurtado Amézaga 50;20
71;MIRIBILLA - SAN IGNAZIO;6123;Juan de Garay 7;13
71;MIRIBILLA - SAN IGNAZIO;7206;Juan de Garay / Giña Estrata;1
71;MIRIBILLA - SAN IGNAZIO;7207;Juan de Garay / Gob.Militarra;23
72;LARRASKITU - CASTAÑOS/GAZTELEKU;2102;Campo Volantín (4);11
72;LARRASKITU - CASTAÑOS/GAZTELEKU;2104;Campo Volantín 13;14
72;LARRASKITU - CASTAÑOS/GAZTELEKU;2107;Castaños / Funikularra;4
72;LARRASKITU - CASTAÑOS/GAZTELEKU;2108;Ernesto Erkoreka / Udaletxea;12
72;LARRASKITU - CASTAÑOS/GAZTELEKU;2110;Tiboli 1;9
72;LARRASKITU - CASTAÑOS/GAZTELEKU;2111;Tristán de Leguizamón 5;7
72;LARRASKITU - CASTAÑOS/GAZTELEKU;2203;Matiko 1;2
72;LARRASKITU - CASTAÑOS/GAZTELEKU;2204;Matiko 31;1
72;LARRASKITU - CASTAÑOS/GAZTELEKU;2204;Matiko 31;1
72;LARRASKITU - CASTAÑOS/GAZTELEKU;2206;Tiboli 12;0
72;LARRASKITU - CASTAÑOS/GAZTELEKU;5105;Puente del Arenal;1
72;LARRASKITU - CASTAÑOS/GAZTELEKU;5108;Sendeja (5);12
72;LARRASKITU - CASTAÑOS/GAZTELEKU;6113;Gran Vía 7;9
72;LARRASKITU - CASTAÑOS/GAZTELEKU;6114;Gran Vía 36;7
72;LARRASKITU - CASTAÑOS/GAZTELEKU;6115;Gran Vía 37;6
72;LARRASKITU - CASTAÑOS/GAZTELEKU;6116;Gran Vía 40;9
72;LARRASKITU - CASTAÑOS/GAZTELEKU;6117;Gran Vía 8;4
72;LARRASKITU - CASTAÑOS/GAZTELEKU;6211;Gregorio la Revilla 2;11
72;LARRASKITU - CASTAÑOS/GAZTELEKU;6212;Gregorio la Revilla 22;0
72;LARRASKITU - CASTAÑOS/GAZTELEKU;6214;Gregorio la Revilla 36;2
72;LARRASKITU - CASTAÑOS/GAZTELEKU;6215;Iparraguirre (42) / Bizkaia pl.;17
72;LARRASKITU - CASTAÑOS/GAZTELEKU;6216;Iparraguirre 29;18
72;LARRASKITU - CASTAÑOS/GAZTELEKU;7106;Gordoniz 22;4
72;LARRASKITU - CASTAÑOS/GAZTELEKU;7107;Gordoniz 39;20
72;LARRASKITU - CASTAÑOS/GAZTELEKU;7304;Ciudadela 1;18
72;LARRASKITU - CASTAÑOS/GAZTELEKU;7305;Ciudadela 2A;8
72;LARRASKITU - CASTAÑOS/GAZTELEKU;7306;Errekalde-Larraskitu 1;16
72;LARRASKITU - CASTAÑOS/GAZTELEKU;7307;Errekalde-Larraskitu 23;15
72;LARRASKITU - CASTAÑOS/GAZTELEKU;7310;Gordoniz 36;7
72;LARRASKITU - CASTAÑOS/GAZTELEKU;7311;Gordoniz 49A;18
72;LARRASKITU - CASTAÑOS/GAZTELEKU;7322;Karitateko Alaben 3;10
72;LARRASKITU - CASTAÑOS/GAZTELEKU;7404;Errekalde-Larraskitu (36);14
72;LARRASKITU - CASTAÑOS/GAZTELEKU;7406;Errekalde-Larraskitu / (Kiroldegia);12
72;LARRASKITU - CASTAÑOS/GAZTELEKU;7408;Errekalde-Larraskitu / Kiroldegia;13
72;LARRASKITU - CASTAÑOS/GAZTELEKU;7409;Errekalde-Larraskitu 14;10
72;LARRASKITU - CASTAÑOS/GAZTELEKU;7410;Errekalde-Larraskitu 2;9
72;LARRASKITU - CASTAÑOS/GAZTELEKU;7411;Errekalde-Larraskitu 36;11
75;SAN ADRIAN - ATXURI;5102;Arenal / Arriaga;0
75;SAN ADRIAN - ATXURI;5105;Puente del Arenal;9
75;SAN ADRIAN - ATXURI;5106;Ribera / Merkatua;5
75;SAN ADRIAN - ATXURI;5405;Dieciséis de Agosto;4
75;SAN ADRIAN - ATXURI;5601;Olano (4);5
75;SAN ADRIAN - ATXURI;5701;Cortes (2);4
75;SAN ADRIAN - ATXURI;5704;Muelle de la Merced 3;3
75;SAN ADRIAN - ATXURI;5802;Juan de Garay 11;3
75;SAN ADRIAN - ATXURI;5804;Rotonda Juan de Garay;12
75;SAN ADRIAN - ATXURI;5906;Goiko Torre 12;9
75;SAN ADRIAN - ATXURI;5908;La Floresta;10
75;SAN ADRIAN - ATXURI;5909;Martín Barua (24);9
75;SAN ADRIAN - ATXURI;5910;Martín Barua 17 / Institutoa;10
75;SAN ADRIAN - ATXURI;5913;San Adrián 2;6
75;SAN ADRIAN - ATXURI;5914;San Adrián 36;8
75;SAN ADRIAN - ATXURI;6118;Hurtado Amézaga 1 / Geltokia-Estación;10
75;SAN ADRIAN - ATXURI;6119;Hurtado Amézaga 2 / (Geltokia-Estación);12
75;SAN ADRIAN - ATXURI;6120;Hurtado Amézaga 15;8
75;SAN ADRIAN - ATXURI;6123;Juan de Garay 7;5
75;SAN ADRIAN - ATXURI;7108;Pedro Martínez Artola 2;0
75;SAN ADRIAN - ATXURI;7201;Bergara (12);0
75;SAN ADRIAN - ATXURI;7203;Irala (19);1
75;SAN ADRIAN - ATXURI;7204;Irala (53) / Eskurtze;3
75;SAN ADRIAN - ATXURI;7205;Irala 28;2
75;SAN ADRIAN - ATXURI;7208;Monasterio 5;1
75;SAN ADRIAN - ATXURI;7209;Rotonda Eskurtze;4
75;SAN ADRIAN - ATXURI;7210;Urizar 24 / Gob.Militarra;2
76;ARTATZU/XALBADOR - MOYUA;5802;Juan de Garay 11;233
76;ARTATZU/XALBADOR - MOYUA;5803;Juan de Garay 33;231
76;ARTATZU/XALBADOR - MOYUA;5804;Rotonda Juan de Garay;228
76;ARTATZU/XALBADOR - MOYUA;5911;San Adrián (33);186
76;ARTATZU/XALBADOR - MOYUA;5912;San Adrián 17;225
76;ARTATZU/XALBADOR - MOYUA;5913;San Adrián 2;184
76;ARTATZU/XALBADOR - MOYUA;5914;San Adrián 36;185
76;ARTATZU/XALBADOR - MOYUA;5915;San Adrián 33;224
76;ARTATZU/XALBADOR - MOYUA;6104;Alda San Mamés 8;237
76;ARTATZU/XALBADOR - MOYUA;6108;Elcano (9);169
76;ARTATZU/XALBADOR - MOYUA;6112;Gral. Concha 26;173
76;ARTATZU/XALBADOR - MOYUA;6123;Juan de Garay 7;234
76;ARTATZU/XALBADOR - MOYUA;6201;Alda San Mamés (33);239
76;ARTATZU/XALBADOR - MOYUA;6215;Iparraguirre (42) / Bizkaia pl.;26
76;ARTATZU/XALBADOR - MOYUA;6216;Iparraguirre 29;27
76;ARTATZU/XALBADOR - MOYUA;6216;Iparraguirre 29;27
76;ARTATZU/XALBADOR - MOYUA;7108;Pedro Martínez Artola 2;177
76;ARTATZU/XALBADOR - MOYUA;7203;Irala (19);178
76;ARTATZU/XALBADOR - MOYUA;7204;Irala (53) / Eskurtze;180
76;ARTATZU/XALBADOR - MOYUA;7205;Irala 28;179
76;ARTATZU/XALBADOR - MOYUA;7209;Rotonda Eskurtze;182
76;ARTATZU/XALBADOR - MOYUA;7301;Artazugoikoa;209
76;ARTATZU/XALBADOR - MOYUA;7306;Errekalde-Larraskitu 1;193
76;ARTATZU/XALBADOR - MOYUA;7307;Errekalde-Larraskitu 23;192
76;ARTATZU/XALBADOR - MOYUA;7308;Gordoniz (54) / Pza Errekalde;215
76;ARTATZU/XALBADOR - MOYUA;7309;Gordoniz (90);214
76;ARTATZU/XALBADOR - MOYUA;7312;Gordoniz 54 / (Pza Errekalde);195
76;ARTATZU/XALBADOR - MOYUA;7313;Gordoniz 90;195
76;ARTATZU/XALBADOR - MOYUA;7320;Artazugoikoa / Eskola;200
76;ARTATZU/XALBADOR - MOYUA;7404;Errekalde-Larraskitu (36);191
76;ARTATZU/XALBADOR - MOYUA;7405;Errekalde-Larraskitu / (Iberdrola);188
76;ARTATZU/XALBADOR - MOYUA;7406;Errekalde-Larraskitu / (Kiroldegia);221
76;ARTATZU/XALBADOR - MOYUA;7407;Errekalde-Larraskitu / Iberdrola;222
76;ARTATZU/XALBADOR - MOYUA;7408;Errekalde-Larraskitu / Kiroldegia;189
76;ARTATZU/XALBADOR - MOYUA;7409;Errekalde-Larraskitu 14;218
76;ARTATZU/XALBADOR - MOYUA;7410;Errekalde-Larraskitu 2;218
76;ARTATZU/XALBADOR - MOYUA;7411;Errekalde-Larraskitu 36;219
77;PEÑASCAL - MINA DEL MORRO;4204;Indalecio Prieto (12);232
77;PEÑASCAL - MINA DEL MORRO;4205;Indalecio Prieto 1;233
77;PEÑASCAL - MINA DEL MORRO;4206;Indalecio Prieto 16;10
77;PEÑASCAL - MINA DEL MORRO;5102;Arenal / Arriaga;12
77;PEÑASCAL - MINA DEL MORRO;5105;Puente del Arenal;251
77;PEÑASCAL - MINA DEL MORRO;5106;Ribera / Merkatua;237
77;PEÑASCAL - MINA DEL MORRO;5401;Atxuri (15) / Geltokia-Estación;7
77;PEÑASCAL - MINA DEL MORRO;5402;Atxuri (49);7
77;PEÑASCAL - MINA DEL MORRO;5403;Atxuri 15;235
77;PEÑASCAL - MINA DEL MORRO;5404;Atxuri 49;234
77;PEÑASCAL - MINA DEL MORRO;5406;Santos Juanes 4;6
77;PEÑASCAL - MINA DEL MORRO;5407;Santos Juanes 7;236
77;PEÑASCAL - MINA DEL MORRO;5601;Olano (4);3
77;PEÑASCAL - MINA DEL MORRO;5701;Cortes (2);2
77;PEÑASCAL - MINA DEL MORRO;5704;Muelle de la Merced 3;1
77;PEÑASCAL - MINA DEL MORRO;6113;Gran Vía 7;8
77;PEÑASCAL - MINA DEL MORRO;6114;Gran Vía 36;254
77;PEÑASCAL - MINA DEL MORRO;6115;Gran Vía 37;4
77;PEÑASCAL - MINA DEL MORRO;6116;Gran Vía 40;255
77;PEÑASCAL - MINA DEL MORRO;6117;Gran Vía 8;253
77;PEÑASCAL - MINA DEL MORRO;6211;Gregorio la Revilla 2;257
77;PEÑASCAL - MINA DEL MORRO;6212;Gregorio la Revilla 22;259
77;PEÑASCAL - MINA DEL MORRO;6213;Gregorio la Revilla 35;5
77;PEÑASCAL - MINA DEL MORRO;6214;Gregorio la Revilla 36;261
77;PEÑASCAL - MINA DEL MORRO;6215;Iparraguirre (42) / Bizkaia pl.;7
77;PEÑASCAL - MINA DEL MORRO;6216;Iparraguirre 29;8
77;PEÑASCAL - MINA DEL MORRO;7106;Gordoniz 22;261
77;PEÑASCAL - MINA DEL MORRO;7107;Gordoniz 39;3
77;PEÑASCAL - MINA DEL MORRO;7308;Gordoniz (54) / Pza Errekalde;0
77;PEÑASCAL - MINA DEL MORRO;7309;Gordoniz (90);10
77;PEÑASCAL - MINA DEL MORRO;7310;Gordoniz 36;263
77;PEÑASCAL - MINA DEL MORRO;7311;Gordoniz 49A;1
77;PEÑASCAL - MINA DEL MORRO;7312;Gordoniz 54 / (Pza Errekalde);271
77;PEÑASCAL - MINA DEL MORRO;7313;Gordoniz 90;272
77;PEÑASCAL - MINA DEL MORRO;7601;Iturrigorribidea (45);274
77;PEÑASCAL - MINA DEL MORRO;7602;Iturrigorribidea 37;8
77;PEÑASCAL - MINA DEL MORRO;7603;Peñascal (16) / Eliza;6
77;PEÑASCAL - MINA DEL MORRO;7604;Peñascal (29);279
77;PEÑASCAL - MINA DEL MORRO;7605;Peñascal 16 / (Eliza);275
77;PEÑASCAL - MINA DEL MORRO;7606;Peñascal 29;5
77;PEÑASCAL - MINA DEL MORRO;7701;Peñascal (146) / Rotonda;3
80;ALTAMIRA - TERMIBUS;8105;Basurtu-Kastrexana (65);--
80;ALTAMIRA - TERMIBUS;8106;Basurtu-Kastrexana 63;--
80;ALTAMIRA - TERMIBUS;8107;Gurtubay / Ospitalea;--
80;ALTAMIRA - TERMIBUS;8109;Luis Briñas 25;12
80;ALTAMIRA - TERMIBUS;8114;Ospitalea;--
80;ALTAMIRA - TERMIBUS;8122;Basurto / Briñas;0
80;ALTAMIRA - TERMIBUS;8401;Basurtu-Kastrexana (123) / Albergue;--
80;ALTAMIRA - TERMIBUS;8402;Basurtu-Kastrexana / Altamira;--
80;ALTAMIRA - TERMIBUS;8403;Basurtu-Kastrexana 123;--
80;ALTAMIRA - TERMIBUS;8601;Altamira;--
80;ALTAMIRA - TERMIBUS;8602;Basurtu-Kastrexana / (Altamira);--
85;ZAZPILANDA - ATXURI;5102;Arenal / Arriaga;9
85;ZAZPILANDA - ATXURI;5105;Puente del Arenal;4
85;ZAZPILANDA - ATXURI;5106;Ribera / Merkatua;0
85;ZAZPILANDA - ATXURI;5405;Dieciséis de Agosto;0
85;ZAZPILANDA - ATXURI;5601;Olano (4);13
85;ZAZPILANDA - ATXURI;5701;Cortes (2);13
85;ZAZPILANDA - ATXURI;5704;Muelle de la Merced 3;11
85;ZAZPILANDA - ATXURI;6106;Autonomía 4;12
85;ZAZPILANDA - ATXURI;6118;Hurtado Amézaga 1 / Geltokia-Estación;5
85;ZAZPILANDA - ATXURI;6119;Hurtado Amézaga 2 / (Geltokia-Estación);6
85;ZAZPILANDA - ATXURI;6120;Hurtado Amézaga 15;2
85;ZAZPILANDA - ATXURI;6202;Autonomía 22;14
85;ZAZPILANDA - ATXURI;6203;Autonomía 50;0
85;ZAZPILANDA - ATXURI;7102;Autonomía 1;0
85;ZAZPILANDA - ATXURI;7103;Autonomía 13;0
85;ZAZPILANDA - ATXURI;7104;Autonomía 43;12
85;ZAZPILANDA - ATXURI;8111;Montevideo / (Ospitalea);7
85;ZAZPILANDA - ATXURI;8112;Montevideo / Ospitalea;3
85;ZAZPILANDA - ATXURI;8113;Montevideo / Santa Ana;5
85;ZAZPILANDA - ATXURI;8122;Basurto / Briñas;1
85;ZAZPILANDA - ATXURI;8123;Basurto / Aita Donostia;10
85;ZAZPILANDA - ATXURI;8204;Montevideo / (Santa Ana);5
85;ZAZPILANDA - ATXURI;8205;Montevideo / Olabeaga;6
85;ZAZPILANDA - ATXURI;8501;Fray Juan 35;0
85;ZAZPILANDA - ATXURI;8502;Fray Juan 11;2
85;ZAZPILANDA - ATXURI;8503;Zazpilanda / Bidegain;12
85;ZAZPILANDA - ATXURI;8504;Zazpilanda / Mendigain;14
85;ZAZPILANDA - ATXURI;8505;Zazpilanda / Pinadia;11
85;ZAZPILANDA - ATXURI;8506;Zazpilanda 7;12
85;ZAZPILANDA - ATXURI;8507;Zorrotzabaso (12);9
85;ZAZPILANDA - ATXURI;8509;Zorrotza-Kastrexana 25;17
85;ZAZPILANDA - ATXURI;8510;Zorrotza-Kastrexana 4;8
88;KASTREXANA - INDAUTXU;6213;Gregorio la Revilla 35;0
88;KASTREXANA - INDAUTXU;6221;Urquijo 68;11
88;KASTREXANA - INDAUTXU;6223;Urrutia 1;9
88;KASTREXANA - INDAUTXU;6228;María Díaz de Haro (57);14
88;KASTREXANA - INDAUTXU;7104;Autonomía 43;56
88;KASTREXANA - INDAUTXU;8111;Montevideo / (Ospitalea);51
88;KASTREXANA - INDAUTXU;8112;Montevideo / Ospitalea;18
88;KASTREXANA - INDAUTXU;8113;Montevideo / Santa Ana;50
88;KASTREXANA - INDAUTXU;8122;Basurto / Briñas;16
88;KASTREXANA - INDAUTXU;8123;Basurto / Aita Donostia;54
88;KASTREXANA - INDAUTXU;8204;Montevideo / (Santa Ana);19
88;KASTREXANA - INDAUTXU;8205;Montevideo / Olabeaga;20
88;KASTREXANA - INDAUTXU;8506;Zazpilanda 7;24
88;KASTREXANA - INDAUTXU;8508;Zorrotza-Kastrexana / (Ciudad Jardín);25
88;KASTREXANA - INDAUTXU;8509;Zorrotza-Kastrexana 25;48
88;KASTREXANA - INDAUTXU;8510;Zorrotza-Kastrexana 4;22
88;KASTREXANA - INDAUTXU;8511;Zorrotza-Kastrexana 77;44
88;KASTREXANA - INDAUTXU;8614;Zorrotza-Kastrexana / (Sta.Águeda);42
88;KASTREXANA - INDAUTXU;8615;Zorrotza-Kastrexana / Etxebarria;26
88;KASTREXANA - INDAUTXU;8616;Zorrotza-Kastrexana / Pte.Diablo;29
88;KASTREXANA - INDAUTXU;8617;Zorrotza-Kastrexana / Sta.Águeda;27
88;KASTREXANA - INDAUTXU;8618;Zorrotza-Kastrexana 185;40
88;KASTREXANA - INDAUTXU;8619;Zorrotza-Kastrexana 200;28
88;KASTREXANA - INDAUTXU;8620;Zubileta 74;39
A1;ASUNCION - PLAZA BIRIBILA;2202;Kristo 1;56
A1;ASUNCION - PLAZA BIRIBILA;2302;Vía Vieja de Lezama 85;44
A1;ASUNCION - PLAZA BIRIBILA;2303;Vía Vieja de Lezama 93;44
A1;ASUNCION - PLAZA BIRIBILA;2411;Vía Vieja de Lezama / Nueva Aurora;46
A1;ASUNCION - PLAZA BIRIBILA;2412;Vía Vieja de Lezama 59;47
A1;ASUNCION - PLAZA BIRIBILA;2413;Vía Vieja de Lezama 73;46
A1;ASUNCION - PLAZA BIRIBILA;2414;Vía Vieja de Lezama 75 / Montaño;45
A1;ASUNCION - PLAZA BIRIBILA;2415;Zumalacárregui / T.Zubiria;54
A1;ASUNCION - PLAZA BIRIBILA;2505;Vía Vieja de Lezama / Iturriondo;27
A1;ASUNCION - PLAZA BIRIBILA;2506;Vía Vieja de Lezama 2;26
A1;ASUNCION - PLAZA BIRIBILA;2507;Vía Vieja de Lezama 35;48
A1;ASUNCION - PLAZA BIRIBILA;2508;Zumalacárregui 105;52
A1;ASUNCION - PLAZA BIRIBILA;2701;Vía Vieja de Lezama (75) / Montaño;31
A1;ASUNCION - PLAZA BIRIBILA;2702;Vía Vieja de Lezama (85);33
A1;ASUNCION - PLAZA BIRIBILA;2703;Vía Vieja de Lezama 70;29
A1;ASUNCION - PLAZA BIRIBILA;2704;Vía Vieja de Lezama 78;30
A1;ASUNCION - PLAZA BIRIBILA;2705;Vía Vieja de Lezama 82;31
A1;ASUNCION - PLAZA BIRIBILA;5103;Ernesto Erkoreka 8;19
A1;ASUNCION - PLAZA BIRIBILA;5104;Párroco Ugaz / Rotonda;24
A1;ASUNCION - PLAZA BIRIBILA;5105;Puente del Arenal;1
A1;ASUNCION - PLAZA BIRIBILA;5108;Sendeja (5);0
A1;ASUNCION - PLAZA BIRIBILA;5111;Zumalacárregui / (T.Zubiria);21
A1;ASUNCION - PLAZA BIRIBILA;6126;Plaza Biribila / Gran Vía;0
A2;SOLOKOETXE - PLAZA BIRIBILA;5105;Puente del Arenal;5
A2;SOLOKOETXE - PLAZA BIRIBILA;5106;Ribera / Merkatua;2
A2;SOLOKOETXE - PLAZA BIRIBILA;5107;San Nicolás 4;12
A2;SOLOKOETXE - PLAZA BIRIBILA;5109;Unamuno;13
A2;SOLOKOETXE - PLAZA BIRIBILA;5202;Fika 2;16
A2;SOLOKOETXE - PLAZA BIRIBILA;5203;Iturribide 53;15
A2;SOLOKOETXE - PLAZA BIRIBILA;5204;Prim 22 Bis;14
A2;SOLOKOETXE - PLAZA BIRIBILA;5205;Prim 36;14
A2;SOLOKOETXE - PLAZA BIRIBILA;5301;Fika 18;17
A2;SOLOKOETXE - PLAZA BIRIBILA;5302;Fika 22;29
A2;SOLOKOETXE - PLAZA BIRIBILA;5303;Fika 8;16
A2;SOLOKOETXE - PLAZA BIRIBILA;5304;Zabalbide (32);0
A2;SOLOKOETXE - PLAZA BIRIBILA;5306;Zabalbide 7;0
A2;SOLOKOETXE - PLAZA BIRIBILA;6126;Plaza Biribila / Gran Vía;9
A3;OLABEAGA - MOYUA;6206;Gran Vía 43;12
A3;OLABEAGA - MOYUA;6207;Gran Vía 62;16
A3;OLABEAGA - MOYUA;6208;Gran Vía 63;10
A3;OLABEAGA - MOYUA;6217;Jesusen Bihotza 1;8
A3;OLABEAGA - MOYUA;6219;Moyúa 4;14
A3;OLABEAGA - MOYUA;6224;Gran Vía 74 / Basterra;0
A3;OLABEAGA - MOYUA;8202;Alfonso Churruca 3;0
A3;OLABEAGA - MOYUA;8203;Cº Ventosa 46;3
A3;OLABEAGA - MOYUA;8206;Olabeaga / (Dikea);3
A3;OLABEAGA - MOYUA;8207;Olabeaga / Dikea;3
A3;OLABEAGA - MOYUA;8208;Olabeaga 22A;2
A3;OLABEAGA - MOYUA;8209;Olabeaga 30;1
A3;OLABEAGA - MOYUA;8210;San Nikolas Olabeaga (27);4
A3;OLABEAGA - MOYUA;8211;San Nikolas Olabeaga 22;3
A3;OLABEAGA - MOYUA;8212;San Nikolas Olabeaga 58;19
A4;ZORROTZAURRE - DEUSTU;1403;Blas de Otero (57);15
A4;ZORROTZAURRE - DEUSTU;1406;Botika Zaharra / Euskalduna;13
A4;ZORROTZAURRE - DEUSTU;1414;L. Aguirre / (Bidarte);18
A4;ZORROTZAURRE - DEUSTU;1416;Luis Power (18) / Anbulatorioa;24
A4;ZORROTZAURRE - DEUSTU;1417;Luis Power (4) / Kiroldegia;26
A4;ZORROTZAURRE - DEUSTU;1428;Sagrada Familia / (Salesianos);17
A4;ZORROTZAURRE - DEUSTU;1501;Ribera de Deustu (28);11
A4;ZORROTZAURRE - DEUSTU;1502;Ribera de Deustu (3);12
A4;ZORROTZAURRE - DEUSTU;1503;Ribera de Deustu (36);10
A4;ZORROTZAURRE - DEUSTU;1504;Ribera de Deustu (59);9
A4;ZORROTZAURRE - DEUSTU;1505;Ribera de Deustu (87);8
A4;ZORROTZAURRE - DEUSTU;1506;Ribera de Deustu 20;0
A4;ZORROTZAURRE - DEUSTU;1507;Ribera de Deustu 3;0
A4;ZORROTZAURRE - DEUSTU;1508;Ribera de Deustu 36;1
A4;ZORROTZAURRE - DEUSTU;1509;Ribera de Deustu 57;2
A4;ZORROTZAURRE - DEUSTU;1510;Ribera de Deustu 87;3
A4;ZORROTZAURRE - DEUSTU;1511;Zorrotzaurre (17);7
A4;ZORROTZAURRE - DEUSTU;1512;Zorrotzaurre (36);5
A4;ZORROTZAURRE - DEUSTU;1513;Zorrotzaurre (9);7
A4;ZORROTZAURRE - DEUSTU;1514;Zorrotzaurre 17;5
A4;ZORROTZAURRE - DEUSTU;1515;Zorrotzaurre 9;4
A5;PRIM - PLAZA BIRIBILA;2202;Kristo 1;16
A5;PRIM - PLAZA BIRIBILA;2415;Zumalacárregui / T.Zubiria;14
A5;PRIM - PLAZA BIRIBILA;2508;Zumalacárregui 105;10
A5;PRIM - PLAZA BIRIBILA;4101;Amadeo Deprit / Dolaretxe;8
A5;PRIM - PLAZA BIRIBILA;4103;Amadeo Deprit 8;9
A5;PRIM - PLAZA BIRIBILA;5107;San Nicolás 4;1
A5;PRIM - PLAZA BIRIBILA;5109;Unamuno;2
A5;PRIM - PLAZA BIRIBILA;5204;Prim 22 Bis;4
A5;PRIM - PLAZA BIRIBILA;5205;Prim 36;5
A5;PRIM - PLAZA BIRIBILA;5206;Prim 52;6
A5;PRIM - PLAZA BIRIBILA;5207;Prim 60;6
A5;PRIM - PLAZA BIRIBILA;6113;Gran Vía 7;26
A5;PRIM - PLAZA BIRIBILA;6122;Ibáñez de Bilbao 14;18
A5;PRIM - PLAZA BIRIBILA;6126;Plaza Biribila / Gran Vía;0
A6;ARANGOITI - DEUSTU;1401;Araneko (22);2
A6;ARANGOITI - DEUSTU;1422;Madariaga 19;9
A6;ARANGOITI - DEUSTU;1423;San Pedro / Eliza;12
A6;ARANGOITI - DEUSTU;1601;Araneko 17;4
A6;ARANGOITI - DEUSTU;1602;Berrizbidea / Anbulatorioa;7
A6;ARANGOITI - DEUSTU;1605;Miramarbidea / Eskola;7
A6;ARANGOITI - DEUSTU;1606;Virgen del Pinar 5;8
A6;ARANGOITI - DEUSTU;1607;Virgen del Pinar 9;8
A6;ARANGOITI - DEUSTU;1608;Ganekogorta 10;5
A6;ARANGOITI - DEUSTU;1609;Gorbeia (1);4
A6;ARANGOITI - DEUSTU;1701;Aranekobidea / Cementerio;1
A6;ARANGOITI - DEUSTU;1702;Miramarbidea (47);9
A6;ARANGOITI - DEUSTU;1703;Miramarbidea / Aranekobidea;9
A8;SAN JUSTO - AMETZOLA;5509;Larraskitubidea / (Estrada Beiti);12
A8;SAN JUSTO - AMETZOLA;5510;Larraskitubidea 81;11
A8;SAN JUSTO - AMETZOLA;5512;San Adrián (48) / Irustabidea;13
A8;SAN JUSTO - AMETZOLA;7101;Ametzola;39
A8;SAN JUSTO - AMETZOLA;7304;Ciudadela 1;21
A8;SAN JUSTO - AMETZOLA;7305;Ciudadela 2A;49
A8;SAN JUSTO - AMETZOLA;7306;Errekalde-Larraskitu 1;20
A8;SAN JUSTO - AMETZOLA;7307;Errekalde-Larraskitu 23;19
A8;SAN JUSTO - AMETZOLA;7310;Gordoniz 36;47
A8;SAN JUSTO - AMETZOLA;7311;Gordoniz 49A;22
A8;SAN JUSTO - AMETZOLA;7401;Artazubekoa;52
A8;SAN JUSTO - AMETZOLA;7402;Artazubekoa (10);51
A8;SAN JUSTO - AMETZOLA;7403;Artazubekoa 27;51
A8;SAN JUSTO - AMETZOLA;7404;Errekalde-Larraskitu (36);17
A8;SAN JUSTO - AMETZOLA;7405;Errekalde-Larraskitu / (Iberdrola);14
A8;SAN JUSTO - AMETZOLA;7406;Errekalde-Larraskitu / (Kiroldegia);55
A8;SAN JUSTO - AMETZOLA;7407;Errekalde-Larraskitu / Iberdrola;56
A8;SAN JUSTO - AMETZOLA;7408;Errekalde-Larraskitu / Kiroldegia;15
A8;SAN JUSTO - AMETZOLA;7409;Errekalde-Larraskitu 14;50
A8;SAN JUSTO - AMETZOLA;7410;Errekalde-Larraskitu 2;50
A8;SAN JUSTO - AMETZOLA;7411;Errekalde-Larraskitu 36;53
A8;SAN JUSTO - AMETZOLA;7412;Larraskitubidea / Estrada Beiti;57
A8;SAN JUSTO - AMETZOLA;7413;Larraskitubidea 88;57
A8;SAN JUSTO - AMETZOLA;7414;Larraskitubidea 98;58
A8;SAN JUSTO - AMETZOLA;7415;San Adrián 48;57
A8;SAN JUSTO - AMETZOLA;7702;San Justo;9
A8;SAN JUSTO - AMETZOLA;7703;San Justo (5);9
A8;SAN JUSTO - AMETZOLA;7704;San Justo 12;58
